countryCode	regionId	displayName	sourceAdmin1Codes
AFG	afg-west	Western Afghanistan	AFG-1746,AFG-1745,AFG-1741,AFG-1742,AFG-1751,AFG-1749,AFG-1754,AFG-1750,AFG-1747
AFG	afg-east	Eastern Afghanistan	AFG-1760,AFG-1765,AFG-1763,AFG-1744,AFG-1762,AFG-1761,AFG-1764,AFG-1758,AFG-3413,AFG-1759,AFG-1755,AFG-1752,AFG-1757,AFG-1769,AFG-1767,AFG-1770,AFG-1771,AFG-1768,AFG-1774,AFG-1743,AFG-1772,AFG-1748,AFG-1766,AFG-1773,AFG-1753
AGO	ago-north	Northern Angola	AGO-1885,AGO-1882,AGO-1881,AGO-1874,AGO-1876,AGO-1875,AGO-1879,AGO-1877,AGO-1880,AGO-1878
AGO	ago-south	Southern Angola	AGO-1888,AGO-1892,AGO-1893,AGO-1889,AGO-1887,AGO-1886,AGO-1891,AGO-1890
ARG	arg-north	Northern Argentina	ARG-1303,ARG-1301,ARG-1307,ARG-1306,ARG-1300,ARG-1302,ARG-1305,ARG-1304
ARG	arg-pampas	Pampas and Buenos Aires	ARG-1309,ARG-1312,ARG-1308,ARG-1273,ARG-1275,ARG-1295,ARG-5493,ARG-1310,ARG-1298,ARG-1296,ARG-1299
ARG	arg-patagonia	Patagonia	ARG-1276,ARG-1274,ARG-1297,ARG-1271,ARG-1272
AUS	aus-west-central	Western and Central Australia	AUS-2651,AUS-2650,AUS-2655
AUS	aus-queensland	Queensland	AUS-2657
AUS	aus-southeast	Southeastern Australia	AUS-2654,AUS-1932,AUS-2656,AUS-2660,AUS+00?,AUS-2659,AUS-2653
BRA	bra-amazon	Amazonia	BRA-670,BRA-594,BRA-576,BRA-681,BRA-592,BRA-595
BRA	bra-northeast	Northeastern Brazil	BRA-593,BRA-622,BRA-621,BRA-628,BRA-626,BRA-1313,BRA-623,BRA-629,BRA-624
BRA	bra-central-southeast	Central and Southeastern Brazil	BRA-600,BRA-602,BRA-1294,BRA-599,BRA-596,BRA-625,BRA-627,BRA-1311,BRA-601
BRA	bra-south	Southern Brazil	BRA-612,BRA-613,BRA-614
CAN	can-atlantic	Atlantic Canada	CAN-684,CAN-686,CAN-685,CAN-687
CAN	can-central	Central Canada	CAN-683,CAN-682
CAN	can-prairies-north	Prairies and Northern Canada	CAN-632,CAN-631,CAN-630,CAN-634,CAN-635
CAN	can-pacific	Pacific Canada	CAN-633,CAN-636
CHL	chl-north	Northern Chile	CHL-2694,CHL-2693,CHL-2695,CHL-2696
CHL	chl-central-south	Central and Southern Chile	CHL-2697,CHL-2698,CHL-2699,CHL-2705,CHL-2703,CHL-20010,CHL-2700,CHL-2702,CHL-2701,CHL-2704,CHL-2691,CHL-2692
CHN	chn-manchuria	Manchuria	CHN-1839,CHN-1828,CHN-1813
CHN	chn-north	Northern China	CHN-1838,CHN-1814,CHN-1811,CHN-1816,CHN-1155,CHN-1805
CHN	chn-east-central	Eastern and Central China	CHN-1178,CHN-1820,CHN-1819,CHN-1818,CHN-1817,CHN-1179,CHN-1154,CHN-1808,CHN-1804,CHN-1812,CHN-1807
CHN	chn-south-coast	Southern China	CHN-1152,CHN-1180,CHN-1775,PFA+00?
CHN	chn-southwest	Southwestern China	CHN-1810,CHN-1809,CHN-1153
CHN	chn-northwest	Northwestern China and Xinjiang	CHN-1150,CHN-1803,CHN-1151,CHN-1756
CHN	chn-tibet	Tibet	CHN-1662
COD	cod-west-basin	Western Congo and Congo Basin	COD-1871,COD-1884,COD-1883,COD-1461,COD-1559,COD-1872,COD-1896
COD	cod-east	Eastern Congo	COD-1894,COD-1898,COD-1895
COD	cod-katanga	Katanga	COD-1897
COL	col-west	Western and Caribbean Colombia	COL-1318,COL-1414,COL-1421,COL-1316,COL-1417,COL-1413,COL-1412,COL-1416,COL-1342,COL-1406,COL-1407,COL-1415,COL-1420,COL-1315,COL-1404,COL-1408,COL-1314,COL+99?,COL-1405,COL-1397,COL-1422,COL-1425,COL-1399,COL-1317,COL-1402,COL-1400,COL-1398,COL-1401
COL	col-east-south	Eastern and Southern Colombia	COL-1424,COL-1426,COL-1283,COL-1427,COL-1403,COL-1423
DEU	deu-northeast	Northeastern Germany	DEU-1579,DEU-3487,DEU-3488,DEU-1578,DEU-1599
DEU	deu-west	Western Germany	DEU-1580,DEU-1576,DEU-1572,DEU-1575
DEU	deu-central	Central Germany	DEU-1601,DEU-1574,DEU-1577,DEU-1600
DEU	deu-south	Southern Germany	DEU-1591,DEU-1581,DEU-1573
DZA	dza-north	Northern Algeria	DZA-2148,DZA-2149,DZA-2147,DZA-2200,DZA-2202,DZA-2145,DZA-2144,DZA-2206,DZA-2203,DZA-2190,DZA-2204,DZA-2146,DZA-2201,DZA-2205,DZA-2164,DZA-2191,DZA-2223,DZA-2222,DZA-2194,DZA-2163,DZA-2166,DZA-2165,DZA-2208,DZA-2197,DZA-2196,DZA-2195,DZA-2198,DZA-2215,DZA-2207,DZA-2210,DZA-2209,DZA-2199,DZA-2192,DZA-2193,DZA-2213,DZA-2214,DZA-2216,DZA-2219,DZA-2218,DZA-2217,DZA-2220,DZA-2221,DZA-2211,DZA-2212
DZA	dza-sahara	Algerian Sahara	DZA-2143,DZA-2189,DZA-2150,DZA-2188
EGY	egy-delta	Nile Delta	EGY-1540,EGY-1538,EGY-1537,EGY-1535,EGY-1539,EGY-1547,EGY-1541,EGY-1543,EGY-1533,EGY-1544,EGY-1542,EGY-1546,EGY-1532,EGY-1534,EGY-1530
EGY	egy-upper-west	Upper and Western Egypt	EGY-1548,EGY-1556,EGY-1545,EGY-1552,EGY-1551,EGY-1549,EGY-5494,EGY-1550
EGY	egy-sinai	Sinai and Suez	EGY-1558,EGY-1536,EGY-1557,EGY-1531
ESP	esp-north	Northern Spain	ESP-5837,ESP-5823,ESP-5825,ESP-5831,ESP-5838,ESP-5841,ESP-5852,ESP-5840,ESP-5827,ESP-5832,ESP-5805,ESP-5813,ESP-5851,ESP-5853,ESP-5828,ESP-5801,ESP-5830,ESP-5845,ESP-5810,ESP-5839,ESP-5822,ESP-5833,ESP-5843,ESP-5850
ESP	esp-centre-west	Central and Western Spain	ESP-5815,ESP-5807,ESP-5812,ESP-5811,ESP-5824,ESP-5834,ESP-5844,ESP-5848,ESP-5806,ESP-5816,ESP-5817,ESP-5826
ESP	esp-south-east	Southern and Eastern Spain	ESP-5835,ESP-5820,ESP-5809,ESP-5846,ESP-5814,ESP-5849,ESP-5803,ESP-5836,ESP-5804,ESP-5821,ESP-5808,ESP-5802,ESP-5847,ESP-5818
ESP	esp-canaries	Canary Islands	ESP-5842,ESP-5829
ETH	eth-north-central	Northern and Central Ethiopia	ETH-3111,ETH-3109,ETH-3110,ETH-3129,ETH-3132,ETH-3130,ETH-3131,ETH-3135,ETH-3133,ETH-3136
ETH	eth-south-east	Southern and Eastern Ethiopia	ETH-3134
FRA	fra-north	Northern France	FRA-5330,FRA-5268,FRA-5263,FRA-5275,FRA-5290,FRA-5343,FRA-5345,FRA-5334,FRA-5314,FRA-5323,FRA-5317,FRA-5270,FRA-5333,FRA-5306,FRA-5344,FRA-5349,FRA-5357,FRA-5279,FRA-5291,FRA-5331,FRA-5332,FRA-5356,FRA-5289,FRA-5342,FRA-5350
FRA	fra-west	Western France	FRA-5295,FRA-5278,FRA-5353,FRA-5316,FRA-5327,FRA-5292,FRA-5283,FRA-5308,FRA-5322,FRA-5303,FRA-5310,FRA-5309,FRA-5324,FRA-5340,FRA-5321,FRA-5277,FRA-5285,FRA-5354
FRA	fra-east	Eastern France	FRA-5326,FRA-5325,FRA-5304,FRA-5341,FRA-5302,FRA-5348,FRA-5287,FRA-5262,FRA-5312,FRA-5311,FRA-5300,FRA-5338,FRA-5355,FRA-5315,FRA-5264,FRA-5329,FRA-5282,FRA-5301,FRA-5339
FRA	fra-alsace-lorraine	Alsace-Lorraine	FRA-5328,FRA-5273,FRA-5296
FRA	fra-south	Southern France	FRA-5266,FRA-5265,FRA-5336,FRA-5298,FRA-5305,FRA-5269,FRA-5337,FRA-5351,FRA-5274,FRA-5293,FRA-5307,FRA-5271,FRA-5313,FRA-5297,FRA-5281,FRA-5294,FRA-5280,FRA-5347,FRA-5346,FRA-5288,FRA-5272,FRA-5318,FRA-5284,FRA-5352,FRA-5286,FRA-5267,FRA-5335,FRA-5299,FRA-5276,FRA-5319,FRA-5320
FRA	guf	French Guiana	FRA-2000
FRA	glp	Guadeloupe	FRA-4603
FRA	mtq	Martinique	FRA-1442
FRA	reu	Reunion	FRA-4601
FRA	myt	Mayotte	FRA-4602
GBR	gbr-england-wales	England and Wales	GBR-2126,GBR-5707,GBR-2127,GBR-2779,GBR-2111,GBR-2775,GBR-2132,GBR-2039,GBR-2034,GBR-2139,GBR-5662,GBR-5663,GBR-5664,GBR-2029,GBR-2030,GBR-2032,GBR-2140,GBR-2124,GBR-2055,GBR-2057,GBR-2056,GBR-2081,GBR-2319,GBR-2318,GBR-2317,GBR-2679,GBR-2676,GBR-3409,GBR-2678,GBR-2677,GBR-2674,GBR-2748,GBR-2035,GBR-2759,GBR-2036,GBR-2051,GBR-2050,GBR-2052,GBR-2048,GBR-2142,GBR-2141,GBR-2110,GBR-2047,GBR-2045,GBR-2044,GBR-2046,GBR-2133,GBR-2116,GBR-2117,GBR-2112,GBR-2118,GBR-2119,GBR-2104,GBR-2106,GBR-2105,GBR-2130,GBR-2129,GBR-2125,GBR-2108,GBR-5708,GBR-5666,GBR-5668,GBR-5667,GBR-2123,GBR-5670,GBR-2758,GBR-2128,GBR-5988,GBR-2113,GBR-2115,GBR-2131,GBR-2134,GBR-2114,GBR-2079,GBR-2073,GBR-2080,GBR-2072,GBR-2070,GBR-2066,GBR-2069,GBR-2033,GBR-2028,GBR-2031,GBR-2075,GBR-4809,GBR-2077,GBR-5665,GBR-5661,GBR-2120,GBR-5669,GBR-2067,GBR-2042,GBR-5705,GBR-2078,GBR-2074,GBR-2675,GBR-2053,GBR-2061,GBR-2076,GBR-2038,GBR-2040,GBR-2753,GBR-2062,GBR-2752,GBR-2767,GBR-5697,GBR-5698,GBR-2762,GBR-2764,GBR-2749,GBR-2064,GBR-2071,GBR-2760,GBR-2768,GBR-2771,GBR-5689,GBR-2065,GBR-2769,GBR-2766,GBR-2754,GBR-2770,GBR-2068,GBR-2765,GBR-2060,GBR-2054,GBR-5706,GBR-2059,GBR-5686,GBR-5687,GBR-2778,GBR-2121,GBR-2777,GBR-2063,GBR-2776,GBR-2750,GBR-2751,GBR-5677,GBR-5683,GBR-2774,GBR-5700,GBR-5701,GBR-5702,GBR-5703,GBR-5704,GBR-5699,GBR-2755,GBR-2122,GBR-2756,GBR-2043,GBR-2757,GBR-5672,GBR-5671,GBR-2763,GBR-2761,GBR-2058,GBR-5674,GBR-5673,GBR-5675,GBR-5688,GBR-5676,GBR-5678,GBR-5685,GBR-5684,GBR-5681,GBR-5680,GBR-5682,GBR-5679,GBR-5695,GBR-5696,GBR-5690,GBR-5691,GBR-5692,GBR-5694,GBR-5693
GBR	gbr-scotland	Scotland	GBR-2026,GBR-2138,GBR-2017,GBR-2016,GBR-2015,GBR-2025,GBR-2023,GBR-2024,GBR-2022,GBR-2009,GBR-2006,GBR-2005,GBR-2008,GBR-2011,GBR-2746,GBR-2745,GBR-2014,GBR-2013,GBR-2012,GBR-2019,GBR-2020,GBR-2018,GBR-2021,GBR-2772,GBR-2744,GBR-2747,GBR-2007,GBR-2002,GBR-2004,GBR-2003,GBR-2001,GBR-2010
GBR	gbr-northern-ireland	Northern Ireland	GBR-2083,GBR-2135,GBR-2136,GBR-2089,GBR-2085,GBR-2086,GBR-2102,GBR-2100,GBR-2773,GBR-2095,GBR-2096,GBR-2097,GBR-2082,GBR-2098,GBR-2137,GBR-2099,GBR-2093,GBR-2084,GBR-2091,GBR-2088,GBR-2087,GBR-2092,GBR-2090,GBR-2101,GBR-2094,GBR-2103
HRV	hrv-inland	Croatia and Slavonia	HRV-1609,HRV-1606,HRV-1608,HRV-1603,HRV-1592,HRV-1587,HRV-1602,HRV-1583,HRV-1605,HRV-1610,HRV-1582,HRV-1588,HRV-1586,HRV-1584,HRV-1607,HRV-1589,HRV-1604
HRV	hrv-dalmatia	Dalmatia	HRV-1490,HRV-1493,HRV-1492,HRV-1491
IDN	idn-sumatra	Sumatra	IDN-1796,IDN-492,IDN-1930,IDN-1230,IDN-1229,IDN-1225,IDN-539,IDN-381,IDN-1136,IDN-1231
IDN	idn-java	Java	IDN-1233,IDN-1224,IDN-1223,IDN-1227,IDN-1226,IDN-540,IDN-1232
IDN	idn-borneo	Indonesian Borneo	IDN-1185,IDN-1228,IDN-1931,IDN-1234
IDN	idn-sulawesi	Sulawesi	IDN-1236,IDN-556,IDN-557,IDN-1837,IDN-513,IDN-1237
IDN	idn-east	Eastern Indonesia	IDN-1235,IDN-558,IDN-554,IDN-555,IDN-1933,IDN-538
IND	ind-northwest	Northwestern India	IND-20012,IND-3249,IND-3250,IND-2429,IND-2431,IND-2428,IND-2427,IND-2430
IND	ind-gangetic	Gangetic Plain	IND-3254,IND-3253
IND	ind-east	Eastern and Northeastern India	IND-3257,IND-3258,IND-2444,IND-3256,IND-3299,IND-3259,IND-2477,IND-2479,IND-2478,IND-3300,IND-3301,IND-2489
IND	ind-west-central	Western and Central India	IND-3264,IND-2445,IND-3261,IND-3260
IND	ind-deccan	Deccan	IND-2441,IND-2447,IND-3265,IND-2446,IND-20011
IND	ind-south	Southern India	IND-2442,IND-3262,IND-3263,IND-2443,IND-2474
IRN	irn-north	Northern Iran	IRN-3237,IRN-3238,IRN-3230,IRN-3240,IRN-3241,IRN-3239,IRN-3221,IRN-3234,IRN-3235,IRN-3233,IRN-3220,IRN-3246,IRN-3213,IRN-3245,IRN-3214,IRN-3215,IRN-3231,IRN-3211,IRN-3217,IRN-3232,IRN-3216,IRN-5490
IRN	irn-southwest	Southwestern Iran	IRN-3219,IRN-3210,IRN-3218,IRN-3209,IRN-3212
IRN	irn-east	Eastern Iran	IRN-3244,IRN-3247,IRN-3228,IRN-3248
ITA	ita-north	Northern Italy	ITA-5442,ITA-5437,ITA-5451,ITA-5452,ITA-5444,ITA-5459,ITA-5441,ITA-5434,ITA-5467,ITA-5455,ITA-5457,ITA-5458,ITA-5461,ITA-5463,ITA-5462,ITA-5363,ITA-5364,ITA-5382,ITA-5370,ITA-5367,ITA-5368,ITA-5440,ITA-5443,ITA-5445,ITA-5447,ITA-5446,ITA-5450,ITA-5453,ITA-5454,ITA-5448,ITA-5436,ITA-5449,ITA-5438,ITA-5439,ITA-5460,ITA-5465,ITA-5464,ITA-5466,ITA-5361,ITA-5360,ITA-5359,ITA-5358,ITA-5362,ITA-5456,ITA-5435
ITA	ita-central	Central Italy	ITA-5369,ITA-5366,ITA-5428,ITA-5365,ITA-5427,ITA-5429,ITA-5430,ITA-5431,ITA-5419,ITA-5418,ITA-5421,ITA-5401,ITA-5404,ITA-5422,ITA-5423,ITA-5379,ITA-5380,ITA-5381,ITA-5383,ITA-5388,ITA-5387,ITA-5386,ITA-5424,ITA-5384,ITA-5433,ITA-5432,ITA-5425,ITA-5420,ITA-5402,ITA-5385
ITA	ita-south	Southern Italy and Islands	ITA-5405,ITA-5403,ITA-5406,ITA-5407,ITA-5408,ITA-5389,ITA-5391,ITA-5392,ITA-5393,ITA-5395,ITA-5394,ITA-5390,ITA-5400,ITA-5397,ITA-5396,ITA-5426,ITA-5409,ITA-5411,ITA-5410,ITA-5417,ITA-5416,ITA-5415,ITA-5414,ITA-5413,ITA-5371,ITA-5374,ITA-5376,ITA-5375,ITA-5373,ITA-5372,ITA-5378,ITA-5377,ITA-5412,ITA-5398,ITA-5399
JPN	jpn-north	Northern Japan	JPN-1862,JPN-1863,JPN-1865,JPN-1847
JPN	jpn-central	Central Japan	JPN-1849,JPN-1850,JPN-1848,JPN-1842,JPN-1846,JPN-1867,JPN-1868,JPN-1866,JPN-1864,JPN-1856,JPN-1855,JPN-1860,JPN-1857,JPN-1845,JPN-1840,JPN-1843,JPN-1852,JPN-3503,JPN-1844,JPN-1859,JPN-1841,JPN-1853,JPN-1858,JPN-1861,JPN-1851
JPN	jpn-west-south	Western and Southern Japan	JPN-3501,JPN-1835,JPN-1829,JPN-1827,JPN-3500,JPN-1830,JPN-1831,JPN-1836,JPN-1833,JPN-1832,JPN-1834,JPN-1824,JPN-1826,JPN-1825,JPN-1854,JPN-1822,JPN-1821,JPN-3502
KAZ	kaz-west-central	Western and Central Kazakhstan	KAZ-3236,KAZ-3195,KAZ-3201,KAZ-3198,KAZ-3251,KAZ-3197,KAZ-3204,KAZ-3196,KAZ-3205,KAZ-3202,KAZ-3203,KAZ-4830
KAZ	kaz-east-south	Eastern and Southern Kazakhstan	KAZ-3206,KAZ-3207,KAZ-3252,KAZ-4829
MEX	mex-north	Northern Mexico	MEX-2712,MEX-2706,MEX-2709,MEX-2708,MEX-2714,MEX-2707,MEX-2711,MEX-2710
MEX	mex-central-south	Central and Southern Mexico	MEX-2716,MEX-2718,MEX-2721,MEX-2719,MEX-2720,MEX-2729,MEX-2731,MEX-2724,MEX-2732,MEX-2733,MEX-2730,MEX-2728,MEX-2715,MEX-2713,MEX-2717,MEX-2726,MEX-2727,MEX-2725,MEX-2735,MEX-2734,MEX-2723
MEX	mex-gulf-yucatan	Gulf Coast and Yucatan	MEX-2736,MEX-2722,MEX-2737,MEX+99?
MNG	mng-west	Western Mongolia	MNG-3208,MNG-3320,MNG-3319,MNG-3317,MNG-3321,MNG-3322,MNG-3318,MNG-3316,MNG-3327
MNG	mng-east	Eastern Mongolia	MNG-3332,MNG-3333,MNG-3297,MNG-3298,MNG-3323,MNG-3326,MNG-3315,MNG-3328,MNG-3329,MNG-3324,MNG-3325,MNG-3330,MNG-3331
MOZ	moz-north	Northern Mozambique	MOZ-1198,MOZ-1199,MOZ-1190,MOZ-1906,MOZ-1200
MOZ	moz-south	Southern Mozambique	MOZ-1927,MOZ-1192,MOZ-1207,MOZ-5854,MOZ-1925,MOZ-1905
MYS	mys-peninsula	Malay Peninsula	MYS-1141,MYS-1140,MYS-1144,MYS-1137,MYS-1139,MYS-1148,MYS-1146,MYS-1145,MYS-1143,MYS-1147,MYS-1149,MYS-4831,MYS-4832
MYS	mys-borneo	Northern Borneo	MYS-1186,MYS-1187,MYS-4833
NGA	nga-north	Northern Nigeria	NGA-2879,NGA-2851,NGA-2849,NGA-2839,NGA-2881,NGA-2848,NGA-2871,NGA-2872,NGA-2873,NGA-2870,NGA-2868,NGA-2858,NGA-2866,NGA-2867,NGA-2859,NGA-2864,NGA-2869,NGA-3470
NGA	nga-south	Southern Nigeria	NGA-2852,NGA-2856,NGA-2850,NGA-2846,NGA-2847,NGA-2853,NGA-2860,NGA-2845,NGA-2844,NGA-2842,NGA-2841,NGA-2863,NGA-2857,NGA-2861,NGA-2862,NGA-2865,NGA-2855,NGA-2843,NGA-2854
NLD	nld-mainland	Netherlands	NLD-897,NLD-894,NLD-899,NLD-896,NLD-898,NLD-903,NLD-3483,NLD-3485,NLD-3486,NLD-895,NLD-902,NLD-3484
NLD	bes-bonaire	Bonaire	NLD-5149
NLD	bes-saba-eustatius	Saba and Sint Eustatius	NLD-5148,NLD-5147
NOR	nor-north	Northern Norway	NOR-900,NOR-75,NOR-1062
NOR	nor-south	Southern Norway	NOR-925,NOR-911,NOR-919,NOR-917,NOR-924,NOR-921,NOR-918,NOR-923,NOR-922,NOR-912,NOR-916,NOR-914,NOR-913,NOR-915,NOR-910,BVT+00?,NOR-920
NOR	svalbard	Svalbard	NOR-901
NZL	nzl-north	North Island	NZL-5471,NZL-3398,NZL-5468,NZL-5476,NZL-5469,NZL-3334,NZL-3405,NZL-3404,NZL-3399,NZL-3396,NZL-3397
NZL	nzl-south	South Island	NZL-5479,NZL-5478,NZL-5477,NZL-5470,NZL-5480,NZL-3408,NZL-3401,NZL-3402,NZL-3403,NZL-3406,NZL-3407,NZL-3400
NZL	tokelau	Tokelau	NZL-5472
PAK	pak-east	Northern and Eastern Pakistan	PAK-1111,PAK-1123,PAK-1112,PAK-1113,PAK-1109,PAK-1110,PAK-1114
PAK	pak-west	Western Pakistan	PAK-1108
PER	per-north-central	Northern and Central Peru	PER-585,PER-584,PER-578,PER-568,PER-567,PER-577,PER-580,PER-566,PER-582,PER-583,PER-589,PER-591,PER-587,PER-3505,PER-571,PER-586,PER-588,PER-579,PER-581,PER-590
PER	per-south	Southern Peru	PER-575,PER-572,PER-573,PER-574,PER-570,PER-569
PHL	phl-luzon	Luzon	PHL-2549,PHL-2572,PHL-2537,PHL-5560,PHL-2564,PHL-2563,PHL-5556,PHL-5555,PHL-5554,PHL-5543,PHL-5544,PHL-2565,PHL-2558,PHL-2555,PHL-5540,PHL-2560,PHL-2562,PHL-5541,PHL-2561,PHL-2548,PHL-2547,PHL-2545,PHL-2550,PHL-2571,PHL-2569,PHL-2543,PHL-5557,PHL-5545,PHL-5546,PHL-5547,PHL-5549,PHL-2557,PHL-2566,PHL-2567,PHL-5558,PHL-5550,PHL-5552,PHL-2554,PHL-5537,PHL-2553,PHL-2559,PHL-2551,PHL-2552,PHL-2556,PHL-2546,PHL-4931,PHL-2542,PHL-5538,PHL-5539,PHL-5553,PHL-5559,PHL-5542,PHL-5551
PHL	phl-visayas	Visayas	PHL-2534,PHL-2593,PHL-2585,PHL-2583,PHL-2582,PHL-2581,PHL-2584,PHL-2538,PHL-2536,PHL-2541,PHL-2590,PHL-2517,PHL-2513,PHL-2530,PHL-5525,PHL-2518,PHL-2516,PHL-5522,PHL-5523,PHL-2514,PHL-5533,PHL-5535,PHL-5534,PHL-2525,PHL-2526,PHL-2529,PHL-5526,PHL-2528,PHL-2535,PHL-2586,PHL-2540,PHL-2570,PHL-2539,PHL-5524,PHL-5536
PHL	phl-mindanao	Mindanao	PHL-2524,PHL-2591,PHL-2521,PHL-2594,PHL-2587,PHL-5532,PHL-2595,PHL-5531,PHL-5530,PHL-2573,PHL-2522,PHL-2523,PHL-2520,PHL-4932,PHL-2574,PHL-2576,PHL-5527,PHL-2580,PHL-2598,PHL-5529,PHL-2596,PHL-5528,PHL-2592,PHL-2597,PHL-2511,PHL-2519,PHL-2588,PHL-2589,PHL-2579,PHL-2599
POL	pol-west	Northern and Western Poland	POL-3146,POL-3141,POL-3167,POL-3143,POL-3142,POL-3140,POL-3145,POL-3144,POL-3139
POL	pol-east	Central and Eastern Poland	POL-3147,POL-3150,POL-3151,POL-3148,POL-3149
POL	pol-south	Southern Poland	POL-3170,POL-3152
PRT	prt-mainland	Portugal	PRT-744,PRT-747,PRT-741,PRT-751,PRT-753,PRT-750,PRT-756,PRT-749,PRT-745,PRT-743,PRT-5498,PRT-746,PRT-748,PRT-740,PRT-752,PRT-739,PRT-754,PRT-755
PRT	prt-azores	Azores	PRT-735
PRT	prt-madeira	Madeira	PRT-736
ROU	rou-transylvania	Transylvania	ROU-301,ROU-276,ROU-277,ROU-280,ROU-278,ROU-311,ROU-298,ROU-296,ROU-295,ROU-300,ROU-297,ROU-306,ROU-305,ROU-303,ROU-299,ROU-307,ROU-294
ROU	rou-east-south	Wallachia and Moldavia	ROU-124,ROU-122,ROU-129,ROU-127,ROU-131,ROU-133,ROU-126,ROU-287,ROU-308,ROU-316,ROU-315,ROU-4847,ROU-130,ROU-4844,ROU-302,ROU-123,ROU-304,ROU-310,ROU-317,ROU-314,ROU-309,ROU-312,ROU-313,ROU-132,ROU-128
RUS	rus-northwest	Northwestern Russia	RUS-2333,RUS-2353,RUS-2336,RUS-2337,RUS-2354,RUS-2359,RUS-2334
RUS	rus-central	Central Russia	RUS-2335,RUS-2343,RUS-2342,RUS-2362,RUS-2363,RUS-2375,RUS-2366,RUS-2361,RUS-2356,RUS-2360,RUS-2376,RUS-2374,RUS-2355,RUS-2368,RUS-2358,RUS-2364,RUS-2365
RUS	rus-kaliningrad	East Prussia (Königsberg)	RUS-2324
RUS	rus-south	Southern Russia and Caucasus	RUS-2371,RUS-2370,RUS-2377,RUS-2367,RUS-2369,RUS-2280,RUS-2304,RUS-2305,RUS-2303,RUS-2416,RUS-2417,RUS-2388,RUS-2390,RUS-2306,RUS-2279,RUS-283,RUS-5482
RUS	rus-volga-urals	Volga and Urals	RUS-2391,RUS-2393,RUS-2378,RUS-2394,RUS-2395,RUS-2373,RUS-2372,RUS-2357,RUS-2389,RUS-2385,RUS-2384,RUS-2387,RUS-2392,RUS-2380,RUS-2379,RUS-2381,RUS+99?,RUS-2386,RUS-2383,RUS-3200
RUS	rus-west-siberia	Western Siberia	RUS-2400,RUS-2398,RUS-2397,RUS-2403,RUS-2399,RUS-2382,RUS-2396,RUS-2167,RUS-2401
RUS	rus-east-siberia	Eastern Siberia	RUS-2606,RUS-2605,RUS-2603,RUS-2602,RUS-2402
RUS	rus-far-east	Russian Far East	RUS-2610,RUS-2609,RUS-2613,RUS-2614,RUS-2611,RUS-2615,RUS-2616,RUS-2321,RUS-2612,RUS-3468
SAU	sau-hejaz	Hejaz	SAU-862,SAU-886,SAU-887,SAU-848,SAU-845,SAU-888,SAU-885
SAU	sau-interior-east	Central and Eastern Arabia	SAU-861,SAU-1096,SAU-1097,SAU-846,SAU-847,SAU-1098
SDN	sdn-nile-east	Nile and Eastern Sudan	SDN-876,SDN-878,SDN-877,SDN-149,SDN-884,SDN-879,SDN-875,SDN-874,SDN-883,SDN-148,SDN-880,SDN-882
SDN	sdn-darfur	Darfur	SDN-5859,SDN-5856,SDN-881,SDN-5858,SDN-5857
SWE	swe-north	Northern Sweden	SWE-190,SWE-192,SWE-189,SWE-191
SWE	swe-south	Southern Sweden	SWE-181,SWE-188,SWE-3428,SWE-178,SWE-195,SWE-194,SWE-185,SWE-184,SWE-180,SWE-262,SWE-3429,SWE-187,SWE-193,SWE-186,SWE-179,SWE-183,SWE-182
THA	tha-north	Northern Siam	THA-443,THA-425,THA-426,THA-433,THA-436,THA-389,THA-390,THA-374,THA-404,THA-399,THA-394,THA-393,THA-398,THA-396,THA-445,THA-5499,THA-446,THA-472,THA-473,THA-427,THA-438,THA-447,THA-403,THA-414,THA-407,THA-406,THA-415,THA-441,THA-409,THA-413,THA-405,THA-439,THA-442,THA-440,THA-449,THA-408,THA-448,THA-412,THA-417,THA-400,THA-391,THA-397,THA-411,THA-402,THA-401,THA-437,THA-395,THA-392,THA-410,THA-428
THA	tha-south	Southern Siam	THA-435,THA-432,THA-385,THA-386,THA-388,THA-493,THA-420,THA-419,THA-421,THA-375,THA-379,THA-378,THA-382,THA-387,THA-494,THA-383,THA-376,THA-380,THA-424,THA-423,THA-416,THA-422,THA-431,THA-430,THA-434,THA-377,THA-418
TUR	tur-marmara-west	Marmara and Western Anatolia	TUR-2241,TUR-2240,TUR-2265,TUR-2242,TUR-2239,TUR-5519,TUR-2267,TUR-2266,TUR-5518,TUR-2264,TUR-2238,TUR-2230,TUR-2263,TUR-2276,TUR-2277
TUR	tur-central	Central Anatolia	TUR-4841,TUR-3016,TUR-2289,TUR-2293,TUR-2296,TUR-2294,TUR-2270,TUR-5521,TUR-3010,TUR-2285,TUR-3018,TUR-2268,TUR-3008,TUR-2269,TUR-3009,TUR-5520,TUR-2297,TUR-2295,TUR-2291,TUR-2290,TUR-3011,TUR-3012,TUR-3020,TUR-2287,TUR-3021,TUR-2288,TUR-3026,TUR-2286,TUR-3019,TUR-2283,TUR-4842
TUR	tur-mediterranean	Mediterranean Anatolia	TUR-2229,TUR-2278,TUR-2271,TUR-2275,TUR-2274,TUR-2273,TUR-3014,TUR-2272
TUR	tur-east	Eastern Anatolia	TUR-4839,TUR-2298,TUR-3044,TUR-3047,TUR-4840,TUR-2307,TUR-3048,TUR-3040,TUR-3041,TUR-3017,TUR-2301,TUR-2302,TUR-2292,TUR-2300,TUR-3045,TUR-2310,TUR-2299,TUR-2284,TUR-2282,TUR-2311,TUR-2308,TUR-2281,TUR-2309,TUR-3042,TUR-3043,TUR-3032,TUR-3031
UKR	ukr-west	Western Ukraine	UKR-318,UKR-286,UKR-293,UKR-288,UKR-289,UKR-291,UKR-290,UKR-292
UKR	ukr-central	Central Ukraine	UKR-285,UKR-324,UKR-321,UKR-322,UKR-323,UKR-325,UKR-284,UKR-330,UKR-319,UKR-320,UKR-4826
UKR	ukr-south-east	Southern and Eastern Ukraine	UKR-328,UKR-329,UKR-327,UKR-4827,UKR-331,UKR-326
USA	usa-northeast	Northeastern United States	USA-3560,USA-3559,USA-3540,USA-3538,USA-3561,USA-3558,USA-3537,USA-3539,USA-3513
USA	usa-south	Southern United States	USA-3536,USA-3535,USA-3544,USA-3541,USA-3542,USA-3543,USA-3545,USA-3549,USA-3552,USA-3556,USA-3557,USA-3555,USA-3533,USA-3548,USA-3528,USA-3551,USA-3554
USA	usa-midwest	Midwestern United States	USA-3516,USA-3514,USA-3562,USA-3550,USA-3534,USA-3532,USA-3530,USA-3529,USA-3531,USA-3553,USA-3546,USA-3547
USA	usa-interior-west	Interior Western United States	USA-3518,USA-3515,USA-3520,USA-3524,USA-3526,USA-3527,USA-3523,USA-3522
USA	usa-pacific	Pacific United States and Alaska	USA-3519,USA-3521,USA-3563,USA-3525
USA	hawaii	Hawaii	USA-3517
VNM	vnm-north	Northern Vietnam	VNM-450,VNM-455,VNM-456,VNM-475,VNM-474,VNM-476,VNM-489,VNM-490,VNM-512,VNM-511,VNM-5483,VNM-453,VNM-454,VNM-429,VNM-466,VNM-468,VNM-471,VNM-4600,VNM-459,VNM-457,VNM-458,VNM-464,VNM-469,VNM-462,VNM-451,VNM-461,VNM-463,VNM-470,VNM-452,VNM-460,VNM-467
VNM	vnm-south	Southern Vietnam	VNM-486,VNM-4835,VNM-477,VNM-478,VNM-484,VNM-444,VNM-503,VNM-500,VNM-498,VNM-502,VNM-487,VNM-508,VNM-4834,VNM-495,VNM-501,VNM-479,VNM-507,VNM-506,VNM-505,VNM-510,VNM-509,VNM-504,VNM-497,VNM-496,VNM-481,VNM-482,VNM-485,VNM-488,VNM-491,VNM-483,VNM-480,VNM-499
ZAF	zaf-cape	Cape	ZAF-1188,ZAF-1189
ZAF	zaf-natal	Natal	ZAF-1216
ZAF	zaf-orange	Orange Free State	ZAF-1206,ZAF-1926
ZAF	zaf-transvaal	Transvaal	ZAF-1210,ZAF-1201,ZAF-1209,ZAF-1208
